event_index,event_name,marker_code,trial_id,class_name,sample_index,absolute_sample_index,elapsed_sec,iso_time
0,session_start,100,,,0,892,0.0018771999966702424,2026-03-29T20:38:05.317
1,trial_start,200,1,tongue,1,893,0.0019828999975288752,2026-03-29T20:38:05.317
2,baseline_start,110,1,tongue,2,894,0.0020203999993100297,2026-03-29T20:38:05.317
3,baseline_end,111,1,tongue,1005,1897,4.047316999996838,2026-03-29T20:38:09.363
4,cue_tongue,304,1,tongue,1006,1898,4.047431799997867,2026-03-29T20:38:09.363
5,imagery_tongue,314,1,tongue,1398,2290,5.578366899997491,2026-03-29T20:38:10.894
6,imagery_end,320,1,tongue,2404,3296,9.622600499998953,2026-03-29T20:38:14.938
7,iti_start,330,1,tongue,2405,3297,9.622705699999642,2026-03-29T20:38:14.938
8,trial_end,210,1,tongue,2923,3815,11.709424099997705,2026-03-29T20:38:17.025
9,trial_start,200,2,feet,2924,3816,11.709886199998436,2026-03-29T20:38:17.025
10,baseline_start,110,2,feet,2925,3817,11.709955099999206,2026-03-29T20:38:17.025
11,baseline_end,111,2,feet,3940,4832,15.766252299999906,2026-03-29T20:38:21.082
12,cue_feet,303,2,feet,3941,4833,15.766364299997804,2026-03-29T20:38:21.082
13,imagery_feet,313,2,feet,4318,5210,17.296101799998723,2026-03-29T20:38:22.612
14,imagery_end,320,2,feet,5330,6222,21.340415099999518,2026-03-29T20:38:26.656
15,iti_start,330,2,feet,5331,6223,21.340568099996744,2026-03-29T20:38:26.656
16,trial_end,210,2,feet,5854,6746,23.42808459999651,2026-03-29T20:38:28.743
17,trial_start,200,3,right_hand,5855,6747,23.42931039999894,2026-03-29T20:38:28.745
18,baseline_start,110,3,right_hand,5856,6748,23.42937069999971,2026-03-29T20:38:28.745
19,baseline_end,111,3,right_hand,6862,7754,27.485145799997554,2026-03-29T20:38:32.801
20,cue_right_hand,302,3,right_hand,6863,7755,27.48525410000002,2026-03-29T20:38:32.801
21,imagery_right_hand,312,3,right_hand,7243,8135,29.011386899997888,2026-03-29T20:38:34.327
22,imagery_end,320,3,right_hand,8264,9156,33.0620394999969,2026-03-29T20:38:38.377
23,iti_start,330,3,right_hand,8265,9157,33.062169699998776,2026-03-29T20:38:38.378
24,trial_end,210,3,right_hand,8780,9672,35.14042399999744,2026-03-29T20:38:40.456
25,trial_start,200,4,left_hand,8781,9673,35.14074279999841,2026-03-29T20:38:40.456
26,baseline_start,110,4,left_hand,8782,9674,35.140810499997315,2026-03-29T20:38:40.456
27,baseline_end,111,4,left_hand,9793,10685,39.18700419999732,2026-03-29T20:38:44.502
28,cue_left_hand,301,4,left_hand,9794,10686,39.187204299996665,2026-03-29T20:38:44.503
29,imagery_left_hand,311,4,left_hand,10170,11062,40.71764509999775,2026-03-29T20:38:46.033
30,imagery_end,320,4,left_hand,11188,12080,44.76928509999925,2026-03-29T20:38:50.085
31,iti_start,330,4,left_hand,11189,12081,44.76939019999918,2026-03-29T20:38:50.085
32,trial_end,210,4,left_hand,11709,12601,46.846065899997484,2026-03-29T20:38:52.161
33,trial_start,200,5,tongue,11710,12602,46.846301499997935,2026-03-29T20:38:52.162
34,baseline_start,110,5,tongue,11711,12603,46.84642179999719,2026-03-29T20:38:52.162
35,baseline_end,111,5,tongue,12703,13595,50.88163489999715,2026-03-29T20:38:56.197
36,cue_tongue,304,5,tongue,12704,13596,50.88174549999894,2026-03-29T20:38:56.197
37,imagery_tongue,314,5,tongue,13096,13988,52.4218258999972,2026-03-29T20:38:57.737
38,imagery_end,320,5,tongue,14111,15003,56.46443559999898,2026-03-29T20:39:01.780
39,iti_start,330,5,tongue,14112,15004,56.46453429999747,2026-03-29T20:39:01.780
40,trial_end,210,5,tongue,14634,15526,58.561108999998396,2026-03-29T20:39:03.877
41,trial_start,200,6,feet,14635,15527,58.56132989999969,2026-03-29T20:39:03.877
42,baseline_start,110,6,feet,14636,15528,58.56136719999995,2026-03-29T20:39:03.877
43,baseline_end,111,6,feet,15646,16538,62.60673109999698,2026-03-29T20:39:07.922
44,cue_feet,303,6,feet,15647,16539,62.606856599999446,2026-03-29T20:39:07.922
45,imagery_feet,313,6,feet,16027,16919,64.14538579999862,2026-03-29T20:39:09.461
46,imagery_end,320,6,feet,17046,17938,68.206378699997,2026-03-29T20:39:13.522
47,iti_start,330,6,feet,17047,17939,68.20648989999972,2026-03-29T20:39:13.522
48,trial_end,210,6,feet,17555,18447,70.28582499999902,2026-03-29T20:39:15.601
49,trial_start,200,7,left_hand,17556,18448,70.28613459999906,2026-03-29T20:39:15.602
50,baseline_start,110,7,left_hand,17557,18449,70.28617529999974,2026-03-29T20:39:15.602
51,baseline_end,111,7,left_hand,18568,19460,74.33226019999711,2026-03-29T20:39:19.648
52,cue_left_hand,301,7,left_hand,18569,19461,74.3323943999967,2026-03-29T20:39:19.648
53,imagery_left_hand,311,7,left_hand,18957,19849,75.85921189999863,2026-03-29T20:39:21.175
54,imagery_end,320,7,left_hand,19967,20859,79.90553769999678,2026-03-29T20:39:25.221
55,iti_start,330,7,left_hand,19968,20860,79.90569669999968,2026-03-29T20:39:25.221
56,trial_end,210,7,left_hand,20484,21376,81.97729929999696,2026-03-29T20:39:27.293
57,trial_start,200,8,right_hand,20485,21377,81.97763789999954,2026-03-29T20:39:27.293
58,baseline_start,110,8,right_hand,20486,21378,81.97770719999971,2026-03-29T20:39:27.293
59,baseline_end,111,8,right_hand,21498,22390,86.02392469999904,2026-03-29T20:39:31.339
60,cue_right_hand,302,8,right_hand,21499,22391,86.02404029999889,2026-03-29T20:39:31.339
61,imagery_right_hand,312,8,right_hand,21876,22768,87.5623420999982,2026-03-29T20:39:32.878
62,imagery_end,320,8,right_hand,22892,23784,91.61386669999774,2026-03-29T20:39:36.929
63,iti_start,330,8,right_hand,22893,23785,91.6141155999976,2026-03-29T20:39:36.930
64,trial_end,210,8,right_hand,23416,24308,93.68855399999666,2026-03-29T20:39:39.004
65,trial_start,200,9,left_hand,23417,24309,93.68893619999653,2026-03-29T20:39:39.004
66,baseline_start,110,9,left_hand,23418,24310,93.68900209999993,2026-03-29T20:39:39.004
67,baseline_end,111,9,left_hand,24419,25311,97.74916069999745,2026-03-29T20:39:43.065
68,cue_left_hand,301,9,left_hand,24420,25312,97.74930139999924,2026-03-29T20:39:43.065
69,imagery_left_hand,311,9,left_hand,24814,25706,99.30147319999742,2026-03-29T20:39:44.617
70,imagery_end,320,9,left_hand,25828,26720,103.34557829999903,2026-03-29T20:39:48.661
71,iti_start,330,9,left_hand,25829,26721,103.3457752999966,2026-03-29T20:39:48.661
72,trial_end,210,9,left_hand,26348,27240,105.4237037999992,2026-03-29T20:39:50.739
73,trial_start,200,10,tongue,26349,27241,105.42458749999787,2026-03-29T20:39:50.740
74,baseline_start,110,10,tongue,26350,27242,105.42466369999966,2026-03-29T20:39:50.740
75,baseline_end,111,10,tongue,27355,28247,109.47570209999685,2026-03-29T20:39:54.791
76,cue_tongue,304,10,tongue,27356,28248,109.47581049999644,2026-03-29T20:39:54.791
77,imagery_tongue,314,10,tongue,27742,28634,111.00820749999912,2026-03-29T20:39:56.324
78,imagery_end,320,10,tongue,28757,29649,115.06109899999865,2026-03-29T20:40:00.377
79,iti_start,330,10,tongue,28758,29650,115.0613151999969,2026-03-29T20:40:00.377
80,trial_end,210,10,tongue,29271,30163,117.13261869999769,2026-03-29T20:40:02.448
81,trial_start,200,11,feet,29272,30164,117.13285929999984,2026-03-29T20:40:02.448
82,baseline_start,110,11,feet,29273,30165,117.13291140000001,2026-03-29T20:40:02.448
83,baseline_end,111,11,feet,30274,31166,121.18942419999803,2026-03-29T20:40:06.505
84,cue_feet,303,11,feet,30275,31167,121.18952719999652,2026-03-29T20:40:06.505
85,imagery_feet,313,11,feet,30659,31551,122.72138309999718,2026-03-29T20:40:08.037
86,imagery_end,320,11,feet,31682,32574,126.76167369999894,2026-03-29T20:40:12.077
87,iti_start,330,11,feet,31683,32575,126.76177489999827,2026-03-29T20:40:12.077
88,trial_end,210,11,feet,32198,33090,128.8358277999978,2026-03-29T20:40:14.151
89,trial_start,200,12,right_hand,32199,33091,128.83608559999993,2026-03-29T20:40:14.151
90,baseline_start,110,12,right_hand,32200,33092,128.83612189999985,2026-03-29T20:40:14.152
91,baseline_end,111,12,right_hand,33208,34100,132.89236029999665,2026-03-29T20:40:18.208
92,cue_right_hand,302,12,right_hand,33209,34101,132.8924625999971,2026-03-29T20:40:18.208
93,imagery_right_hand,312,12,right_hand,33586,34478,134.42234729999836,2026-03-29T20:40:19.738
94,imagery_end,320,12,right_hand,34604,35496,138.46122729999843,2026-03-29T20:40:23.777
95,iti_start,330,12,right_hand,34605,35497,138.4613580999976,2026-03-29T20:40:23.777
96,trial_end,210,12,right_hand,35125,36017,140.5476131999967,2026-03-29T20:40:25.863
97,trial_start,200,13,feet,35126,36018,140.54784799999834,2026-03-29T20:40:25.863
98,baseline_start,110,13,feet,35127,36019,140.54796579999675,2026-03-29T20:40:25.863
99,baseline_end,111,13,feet,36137,37029,144.60094249999747,2026-03-29T20:40:29.916
100,cue_feet,303,13,feet,36138,37030,144.60106849999647,2026-03-29T20:40:29.916
101,imagery_feet,313,13,feet,36520,37412,146.14598309999928,2026-03-29T20:40:31.461
102,imagery_end,320,13,feet,37531,38423,150.1877183999968,2026-03-29T20:40:35.503
103,iti_start,330,13,feet,37532,38424,150.18783199999962,2026-03-29T20:40:35.503
104,trial_end,210,13,feet,38044,38936,152.26198039999872,2026-03-29T20:40:37.577
105,trial_start,200,14,tongue,38045,38937,152.2622715999969,2026-03-29T20:40:37.578
106,baseline_start,110,14,tongue,38046,38938,152.26232649999656,2026-03-29T20:40:37.578
107,baseline_end,111,14,tongue,39060,39952,156.31241999999838,2026-03-29T20:40:41.628
108,cue_tongue,304,14,tongue,39061,39953,156.3125732999979,2026-03-29T20:40:41.628
109,imagery_tongue,314,14,tongue,39440,40332,157.84493629999997,2026-03-29T20:40:43.160
110,imagery_end,320,14,tongue,40446,41338,161.88938609999968,2026-03-29T20:40:47.205
111,iti_start,330,14,tongue,40447,41339,161.88950569999724,2026-03-29T20:40:47.205
112,trial_end,210,14,tongue,40978,41870,163.97004919999745,2026-03-29T20:40:49.285
113,trial_start,200,15,left_hand,40979,41871,163.97027779999917,2026-03-29T20:40:49.286
114,baseline_start,110,15,left_hand,40980,41872,163.97032209999816,2026-03-29T20:40:49.286
115,baseline_end,111,15,left_hand,41991,42883,168.0225255999976,2026-03-29T20:40:53.338
116,cue_left_hand,301,15,left_hand,41992,42884,168.02262899999914,2026-03-29T20:40:53.338
117,imagery_left_hand,311,15,left_hand,42372,43264,169.56388989999687,2026-03-29T20:40:54.879
118,imagery_end,320,15,left_hand,43386,44278,173.6107998999978,2026-03-29T20:40:58.926
119,iti_start,330,15,left_hand,43387,44279,173.6109368999969,2026-03-29T20:40:58.926
120,trial_end,210,15,left_hand,43908,44800,175.68793409999853,2026-03-29T20:41:01.003
121,trial_start,200,16,right_hand,43909,44801,175.68832999999722,2026-03-29T20:41:01.004
122,baseline_start,110,16,right_hand,43910,44802,175.68839829999706,2026-03-29T20:41:01.004
123,baseline_end,111,16,right_hand,44918,45810,179.74153919999662,2026-03-29T20:41:05.057
124,cue_right_hand,302,16,right_hand,44919,45811,179.74163709999993,2026-03-29T20:41:05.057
125,imagery_right_hand,312,16,right_hand,45300,46192,181.28153619999648,2026-03-29T20:41:06.597
126,imagery_end,320,16,right_hand,46307,47199,185.3307986999971,2026-03-29T20:41:10.646
127,iti_start,330,16,right_hand,46308,47200,185.33090759999686,2026-03-29T20:41:10.646
128,trial_end,210,16,right_hand,46833,47725,187.40140179999798,2026-03-29T20:41:12.717
129,trial_start,200,17,feet,46834,47726,187.40167139999903,2026-03-29T20:41:12.717
130,baseline_start,110,17,feet,46835,47727,187.4017090999987,2026-03-29T20:41:12.717
131,baseline_end,111,17,feet,47846,48738,191.44869309999922,2026-03-29T20:41:16.764
132,cue_feet,303,17,feet,47847,48739,191.4487960999977,2026-03-29T20:41:16.764
133,imagery_feet,313,17,feet,48226,49118,192.98164669999824,2026-03-29T20:41:18.297
134,imagery_end,320,17,feet,49239,50131,197.0327905999984,2026-03-29T20:41:22.348
135,iti_start,330,17,feet,49240,50132,197.0329086999991,2026-03-29T20:41:22.348
136,trial_end,210,17,feet,49761,50653,199.10859199999686,2026-03-29T20:41:24.424
137,trial_start,200,18,tongue,49762,50654,199.10889399999724,2026-03-29T20:41:24.424
138,baseline_start,110,18,tongue,49763,50655,199.1089342999985,2026-03-29T20:41:24.424
139,baseline_end,111,18,tongue,50768,51660,203.15305289999742,2026-03-29T20:41:28.468
140,cue_tongue,304,18,tongue,50769,51661,203.1531795999981,2026-03-29T20:41:28.469
141,imagery_tongue,314,18,tongue,51143,52035,204.68007509999734,2026-03-29T20:41:29.995
142,imagery_end,320,18,tongue,52161,53053,208.73471759999666,2026-03-29T20:41:34.050
143,iti_start,330,18,tongue,52162,53054,208.73485529999743,2026-03-29T20:41:34.050
144,trial_end,210,18,tongue,52679,53571,210.80357989999902,2026-03-29T20:41:36.119
145,trial_start,200,19,left_hand,52680,53572,210.80381510000007,2026-03-29T20:41:36.119
146,baseline_start,110,19,left_hand,52681,53573,210.80385239999669,2026-03-29T20:41:36.119
147,baseline_end,111,19,left_hand,53696,54588,214.8594404999967,2026-03-29T20:41:40.175
148,cue_left_hand,301,19,left_hand,53697,54589,214.8595613999969,2026-03-29T20:41:40.175
149,imagery_left_hand,311,19,left_hand,54076,54968,216.392186699999,2026-03-29T20:41:41.708
150,imagery_end,320,19,left_hand,55087,55979,220.43643379999776,2026-03-29T20:41:45.752
151,iti_start,330,19,left_hand,55088,55980,220.43653239999912,2026-03-29T20:41:45.752
152,trial_end,210,19,left_hand,55610,56502,222.51267139999982,2026-03-29T20:41:47.828
153,trial_start,200,20,right_hand,55611,56503,222.5130457999985,2026-03-29T20:41:47.828
154,baseline_start,110,20,right_hand,55612,56504,222.51311339999666,2026-03-29T20:41:47.829
155,baseline_end,111,20,right_hand,56620,57512,226.55359319999843,2026-03-29T20:41:51.869
156,cue_right_hand,302,20,right_hand,56621,57513,226.5537054999986,2026-03-29T20:41:51.869
157,imagery_right_hand,312,20,right_hand,57000,57892,228.0867647999985,2026-03-29T20:41:53.402
158,imagery_end,320,20,right_hand,58011,58903,232.13152559999799,2026-03-29T20:41:57.447
159,iti_start,330,20,right_hand,58012,58904,232.13165449999724,2026-03-29T20:41:57.447
160,trial_end,210,20,right_hand,58532,59424,234.22238399999696,2026-03-29T20:41:59.538
161,trial_start,200,21,right_hand,58533,59425,234.2228987999988,2026-03-29T20:41:59.538
162,baseline_start,110,21,right_hand,58534,59426,234.22294059999695,2026-03-29T20:41:59.538
163,baseline_end,111,21,right_hand,59545,60437,238.2665307999996,2026-03-29T20:42:03.582
164,cue_right_hand,302,21,right_hand,59546,60438,238.26666619999742,2026-03-29T20:42:03.582
165,imagery_right_hand,312,21,right_hand,59929,60821,239.79660469999726,2026-03-29T20:42:05.112
166,imagery_end,320,21,right_hand,60941,61833,243.86251679999987,2026-03-29T20:42:09.178
167,iti_start,330,21,right_hand,60942,61834,243.86262639999768,2026-03-29T20:42:09.178
168,trial_end,210,21,right_hand,61456,62348,245.94215059999988,2026-03-29T20:42:11.258
169,trial_start,200,22,left_hand,61457,62349,245.94248519999746,2026-03-29T20:42:11.258
170,baseline_start,110,22,left_hand,61458,62350,245.94252569999662,2026-03-29T20:42:11.258
171,baseline_end,111,22,left_hand,62482,63374,250.0156982999979,2026-03-29T20:42:15.331
172,cue_left_hand,301,22,left_hand,62483,63375,250.01579989999664,2026-03-29T20:42:15.331
173,imagery_left_hand,311,22,left_hand,62866,63758,251.5622149999981,2026-03-29T20:42:16.878
174,imagery_end,320,22,left_hand,63869,64761,255.60164799999984,2026-03-29T20:42:20.917
175,iti_start,330,22,left_hand,63870,64762,255.60175889999664,2026-03-29T20:42:20.917
176,trial_end,210,22,left_hand,64397,65289,257.6926210999991,2026-03-29T20:42:23.008
177,trial_start,200,23,feet,64398,65290,257.6929560999997,2026-03-29T20:42:23.008
178,baseline_start,110,23,feet,64399,65291,257.69302799999787,2026-03-29T20:42:23.008
179,baseline_end,111,23,feet,65413,66305,261.74694199999794,2026-03-29T20:42:27.062
180,cue_feet,303,23,feet,65414,66306,261.7470695999982,2026-03-29T20:42:27.062
181,imagery_feet,313,23,feet,65798,66690,263.2851684999987,2026-03-29T20:42:28.601
182,imagery_end,320,23,feet,66803,67695,267.32576659999904,2026-03-29T20:42:32.641
183,iti_start,330,23,feet,66804,67696,267.3258966999965,2026-03-29T20:42:32.641
184,trial_end,210,23,feet,67321,68213,269.40593909999734,2026-03-29T20:42:34.721
185,trial_start,200,24,tongue,67322,68214,269.40617329999804,2026-03-29T20:42:34.722
186,baseline_start,110,24,tongue,67323,68215,269.4062085999976,2026-03-29T20:42:34.722
187,baseline_end,111,24,tongue,68340,69232,273.44991919999666,2026-03-29T20:42:38.765
188,cue_tongue,304,24,tongue,68341,69233,273.4500255999992,2026-03-29T20:42:38.765
189,imagery_tongue,314,24,tongue,68716,69608,274.97822610000003,2026-03-29T20:42:40.294
190,imagery_end,320,24,tongue,69732,70624,279.04697349999697,2026-03-29T20:42:44.362
191,iti_start,330,24,tongue,69733,70625,279.04707529999723,2026-03-29T20:42:44.362
192,trial_end,210,24,tongue,70254,71146,281.1254314999969,2026-03-29T20:42:46.441
193,trial_start,200,25,left_hand,70255,71147,281.12572739999814,2026-03-29T20:42:46.441
194,baseline_start,110,25,left_hand,70256,71148,281.1257931,2026-03-29T20:42:46.441
195,baseline_end,111,25,left_hand,71251,72143,285.16577659999894,2026-03-29T20:42:50.481
196,cue_left_hand,301,25,left_hand,71252,72144,285.16587889999937,2026-03-29T20:42:50.481
197,imagery_left_hand,311,25,left_hand,71646,72538,286.7004616999984,2026-03-29T20:42:52.016
198,imagery_end,320,25,left_hand,72661,73553,290.75694699999804,2026-03-29T20:42:56.072
199,iti_start,330,25,left_hand,72662,73554,290.7570463999982,2026-03-29T20:42:56.072
200,trial_end,210,25,left_hand,73186,74078,292.85838069999954,2026-03-29T20:42:58.174
201,trial_start,200,26,feet,73187,74079,292.858687699998,2026-03-29T20:42:58.174
202,baseline_start,110,26,feet,73188,74080,292.85872409999865,2026-03-29T20:42:58.174
203,baseline_end,111,26,feet,74191,75083,296.9045781999994,2026-03-29T20:43:02.220
204,cue_feet,303,26,feet,74192,75084,296.9046944999973,2026-03-29T20:43:02.220
205,imagery_feet,313,26,feet,74584,75476,298.4343861999987,2026-03-29T20:43:03.750
206,imagery_end,320,26,feet,75593,76485,302.48841459999676,2026-03-29T20:43:07.804
207,iti_start,330,26,feet,75594,76486,302.4885336999978,2026-03-29T20:43:07.804
208,trial_end,210,26,feet,76111,77003,304.55766169999697,2026-03-29T20:43:09.873
209,trial_start,200,27,tongue,76112,77004,304.5579586999993,2026-03-29T20:43:09.873
210,baseline_start,110,27,tongue,76113,77005,304.5579986999983,2026-03-29T20:43:09.873
211,baseline_end,111,27,tongue,77128,78020,308.6125518999979,2026-03-29T20:43:13.928
212,cue_tongue,304,27,tongue,77129,78021,308.6126603999983,2026-03-29T20:43:13.928
213,imagery_tongue,314,27,tongue,77507,78399,310.1449650999966,2026-03-29T20:43:15.460
214,imagery_end,320,27,tongue,78518,79410,314.18549509999866,2026-03-29T20:43:19.501
215,iti_start,330,27,tongue,78519,79411,314.1856154999987,2026-03-29T20:43:19.501
216,trial_end,210,27,tongue,79033,79925,316.26004789999934,2026-03-29T20:43:21.575
217,trial_start,200,28,right_hand,79034,79926,316.2603614999971,2026-03-29T20:43:21.576
218,baseline_start,110,28,right_hand,79035,79927,316.2604048999965,2026-03-29T20:43:21.576
219,baseline_end,111,28,right_hand,80038,80930,320.3057181999975,2026-03-29T20:43:25.621
220,cue_right_hand,302,28,right_hand,80039,80931,320.305831499998,2026-03-29T20:43:25.621
221,imagery_right_hand,312,28,right_hand,80435,81327,321.84965849999935,2026-03-29T20:43:27.165
222,imagery_end,320,28,right_hand,81448,82340,325.91647549999834,2026-03-29T20:43:31.232
223,iti_start,330,28,right_hand,81449,82341,325.9166387999976,2026-03-29T20:43:31.232
224,trial_end,210,28,right_hand,81972,82864,328.01606489999904,2026-03-29T20:43:33.331
225,trial_start,200,29,right_hand,81973,82865,328.0163321,2026-03-29T20:43:33.332
226,baseline_start,110,29,right_hand,81974,82866,328.0163756999973,2026-03-29T20:43:33.332
227,baseline_end,111,29,right_hand,82981,83873,332.0722233999986,2026-03-29T20:43:37.388
228,cue_right_hand,302,29,right_hand,82982,83874,332.0723356999988,2026-03-29T20:43:37.388
229,imagery_right_hand,312,29,right_hand,83372,84264,333.6073757999984,2026-03-29T20:43:38.923
230,imagery_end,320,29,right_hand,84381,85273,337.654993199998,2026-03-29T20:43:42.970
231,iti_start,330,29,right_hand,84382,85274,337.65515239999877,2026-03-29T20:43:42.971
232,trial_end,210,29,right_hand,84899,85791,339.7267226999975,2026-03-29T20:43:45.042
233,trial_start,200,30,left_hand,84900,85792,339.72698390000005,2026-03-29T20:43:45.042
234,baseline_start,110,30,left_hand,84901,85793,339.7270252999988,2026-03-29T20:43:45.042
235,baseline_end,111,30,left_hand,85912,86804,343.7826240999966,2026-03-29T20:43:49.098
236,cue_left_hand,301,30,left_hand,85913,86805,343.78273739999713,2026-03-29T20:43:49.098
237,imagery_left_hand,311,30,left_hand,86297,87189,345.31163129999914,2026-03-29T20:43:50.627
238,imagery_end,320,30,left_hand,87309,88201,349.3650361,2026-03-29T20:43:54.680
239,iti_start,330,30,left_hand,87310,88202,349.3651359999967,2026-03-29T20:43:54.681
240,trial_end,210,30,left_hand,87829,88721,351.44613839999874,2026-03-29T20:43:56.762
241,trial_start,200,31,feet,87830,88722,351.446449199997,2026-03-29T20:43:56.762
242,baseline_start,110,31,feet,87831,88723,351.4465023999983,2026-03-29T20:43:56.762
243,baseline_end,111,31,feet,88846,89738,355.5027784999984,2026-03-29T20:44:00.818
244,cue_feet,303,31,feet,88847,89739,355.5029187,2026-03-29T20:44:00.818
245,imagery_feet,313,31,feet,89226,90118,357.03733969999666,2026-03-29T20:44:02.353
246,imagery_end,320,31,feet,90237,91129,361.08693669999775,2026-03-29T20:44:06.402
247,iti_start,330,31,feet,90238,91130,361.0870587999998,2026-03-29T20:44:06.402
248,trial_end,210,31,feet,90755,91647,363.16371230000004,2026-03-29T20:44:08.479
249,trial_start,200,32,tongue,90756,91648,363.16410229999747,2026-03-29T20:44:08.480
250,baseline_start,110,32,tongue,90757,91649,363.16416709999976,2026-03-29T20:44:08.480
251,baseline_end,111,32,tongue,91773,92665,367.22380709999925,2026-03-29T20:44:12.539
252,cue_tongue,304,32,tongue,91774,92666,367.22391089999655,2026-03-29T20:44:12.539
253,imagery_tongue,314,32,tongue,92159,93051,368.76355489999696,2026-03-29T20:44:14.079
254,imagery_end,320,32,tongue,93166,94058,372.807202699998,2026-03-29T20:44:18.123
255,iti_start,330,32,tongue,93167,94059,372.8074725999977,2026-03-29T20:44:18.123
256,trial_end,210,32,tongue,93686,94578,374.88497359999747,2026-03-29T20:44:20.200
257,trial_start,200,33,left_hand,93687,94579,374.88521859999673,2026-03-29T20:44:20.201
258,baseline_start,110,33,left_hand,93688,94580,374.8852543999965,2026-03-29T20:44:20.201
259,baseline_end,111,33,left_hand,94702,95594,378.95147919999727,2026-03-29T20:44:24.267
260,cue_left_hand,301,33,left_hand,94703,95595,378.9516098999993,2026-03-29T20:44:24.267
261,imagery_left_hand,311,33,left_hand,95087,95979,380.48123849999683,2026-03-29T20:44:25.797
262,imagery_end,320,33,left_hand,96096,96988,384.5280368999993,2026-03-29T20:44:29.843
263,iti_start,330,33,left_hand,96097,96989,384.52817129999676,2026-03-29T20:44:29.844
264,trial_end,210,33,left_hand,96617,97509,386.60879379999824,2026-03-29T20:44:31.924
265,trial_start,200,34,tongue,96618,97510,386.60909360000005,2026-03-29T20:44:31.925
266,baseline_start,110,34,tongue,96619,97511,386.609230799997,2026-03-29T20:44:31.925
267,baseline_end,111,34,tongue,97624,98516,390.65864729999885,2026-03-29T20:44:35.974
268,cue_tongue,304,34,tongue,97625,98517,390.6587469999977,2026-03-29T20:44:35.974
269,imagery_tongue,314,34,tongue,98011,98903,392.1788839000001,2026-03-29T20:44:37.494
270,imagery_end,320,34,tongue,99021,99913,396.23173999999926,2026-03-29T20:44:41.547
271,iti_start,330,34,tongue,99022,99914,396.23211399999855,2026-03-29T20:44:41.548
272,trial_end,210,34,tongue,99532,100424,398.3082474999974,2026-03-29T20:44:43.624
273,trial_start,200,35,feet,99533,100425,398.30859959999725,2026-03-29T20:44:43.624
274,baseline_start,110,35,feet,99534,100426,398.30865059999996,2026-03-29T20:44:43.624
275,baseline_end,111,35,feet,100554,101446,402.3505336999988,2026-03-29T20:44:47.666
276,cue_feet,303,35,feet,100555,101447,402.3506837999994,2026-03-29T20:44:47.666
277,imagery_feet,313,35,feet,100938,101830,403.8956513999983,2026-03-29T20:44:49.211
278,imagery_end,320,35,feet,101949,102841,407.9387182999999,2026-03-29T20:44:53.254
279,iti_start,330,35,feet,101950,102842,407.93883659999847,2026-03-29T20:44:53.254
280,trial_end,210,35,feet,102458,103350,410.02069649999976,2026-03-29T20:44:55.336
281,trial_start,200,36,right_hand,102459,103351,410.02113969999846,2026-03-29T20:44:55.337
282,baseline_start,110,36,right_hand,102460,103352,410.0212049999973,2026-03-29T20:44:55.337
283,baseline_end,111,36,right_hand,103476,104368,414.0737210999978,2026-03-29T20:44:59.389
284,cue_right_hand,302,36,right_hand,103477,104369,414.07381899999746,2026-03-29T20:44:59.389
285,imagery_right_hand,312,36,right_hand,103859,104751,415.6049643999977,2026-03-29T20:45:00.920
286,imagery_end,320,36,right_hand,104877,105769,419.659412099998,2026-03-29T20:45:04.975
287,iti_start,330,36,right_hand,104878,105770,419.6595161999976,2026-03-29T20:45:04.975
288,trial_end,210,36,right_hand,105394,106286,421.74290269999983,2026-03-29T20:45:07.058
289,trial_start,200,37,right_hand,105395,106287,421.74317529999826,2026-03-29T20:45:07.059
290,baseline_start,110,37,right_hand,105396,106288,421.74321959999725,2026-03-29T20:45:07.059
291,baseline_end,111,37,right_hand,106414,107306,425.8077266,2026-03-29T20:45:11.123
292,cue_right_hand,302,37,right_hand,106415,107307,425.8078972999974,2026-03-29T20:45:11.123
293,imagery_right_hand,312,37,right_hand,106791,107683,427.33545369999774,2026-03-29T20:45:12.651
294,imagery_end,320,37,right_hand,107808,108700,431.39138249999814,2026-03-29T20:45:16.707
295,iti_start,330,37,right_hand,107809,108701,431.39158339999994,2026-03-29T20:45:16.707
296,trial_end,210,37,right_hand,108314,109206,433.46207519999734,2026-03-29T20:45:18.777
297,trial_start,200,38,left_hand,108315,109207,433.4625991999965,2026-03-29T20:45:18.778
298,baseline_start,110,38,left_hand,108316,109208,433.4626808999965,2026-03-29T20:45:18.778
299,baseline_end,111,38,left_hand,109344,110236,437.52249949999896,2026-03-29T20:45:22.838
300,cue_left_hand,301,38,left_hand,109345,110237,437.5226245999984,2026-03-29T20:45:22.838
301,imagery_left_hand,311,38,left_hand,109722,110614,439.06534779999856,2026-03-29T20:45:24.381
302,imagery_end,320,38,left_hand,110737,111629,443.1147809999966,2026-03-29T20:45:28.430
303,iti_start,330,38,left_hand,110738,111630,443.11493269999846,2026-03-29T20:45:28.430
304,trial_end,210,38,left_hand,111246,112138,445.1847112999967,2026-03-29T20:45:30.500
305,trial_start,200,39,feet,111247,112139,445.1850360999997,2026-03-29T20:45:30.500
306,baseline_start,110,39,feet,111248,112140,445.18509549999726,2026-03-29T20:45:30.501
307,baseline_end,111,39,feet,112267,113159,449.22603249999884,2026-03-29T20:45:34.541
308,cue_feet,303,39,feet,112268,113160,449.22618729999886,2026-03-29T20:45:34.542
309,imagery_feet,313,39,feet,112653,113545,450.76408999999694,2026-03-29T20:45:36.080
310,imagery_end,320,39,feet,113660,114552,454.8087052999981,2026-03-29T20:45:40.124
311,iti_start,330,39,feet,113661,114553,454.8088121999972,2026-03-29T20:45:40.124
312,trial_end,210,39,feet,114166,115058,456.88268459999745,2026-03-29T20:45:42.198
313,trial_start,200,40,tongue,114167,115059,456.88296739999714,2026-03-29T20:45:42.198
314,baseline_start,110,40,tongue,114168,115060,456.8830679999992,2026-03-29T20:45:42.198
315,baseline_end,111,40,tongue,115193,116085,460.9342414999992,2026-03-29T20:45:46.250
316,cue_tongue,304,40,tongue,115194,116086,460.9344282999991,2026-03-29T20:45:46.250
317,imagery_tongue,314,40,tongue,115576,116468,462.4676874999968,2026-03-29T20:45:47.783
318,imagery_end,320,40,tongue,116572,117464,466.51020249999783,2026-03-29T20:45:51.826
319,iti_start,330,40,tongue,116573,117465,466.5102994999979,2026-03-29T20:45:51.826
320,trial_end,210,40,tongue,117105,117997,468.5945492999999,2026-03-29T20:45:53.910
321,session_end,101,,,117106,117998,468.5949057999969,2026-03-29T20:45:53.910
